{"cameraMode":{"drawMode":0,"name":"Shaded","section":"Shading Mode"},"sceneLighting":false,"audioPlay":false,"sceneViewState":{"showFog":true,"showMaterialUpdate":false,"showSkybox":true,"showFlares":true,"showImageEffects":true,"showParticleSystems":true},"in2DMode":false,"pivot":{"x":-15.756689071655274,"y":6.8911333084106449,"z":25.38426971435547},"rotation":{"x":0.003224426880478859,"y":-0.8725814819335938,"z":-0.005760409869253635,"w":-0.4884239733219147},"size":26.365272521972658,"orthographic":false}